Manufacturer Name,Location,MOQ (Units),Est. Unit Price (USD),Website,Contact Email,Phone Number,Notes
PiPO Technology,Shenzhen China,500-1000,$45-55,www.pipo.com,info@pipo.com,+86 755-61191608,Taiwanese invested. 20 years ODM/OEM. Specializes in tablets.
TPS (Shenzhen TPS Technology),Shenzhen China,300-500,$40-50,www.sztpswkn.com,sales@tpswkn.com,+86 755-2790-5995,16 years OEM/ODM. 8000 sqm factory. 20 R&D engineers.
SmartCN Limited,Shenzhen China,500+,$42-52,www.smartcnltd.com,info@smartcnltd.com,+86 755-2309-1234,Est 2008. 12 years tablet experience. Consumer electronics focus.
Veidoo Digital Vision,Shenzhen China,1000+,$38-48,www.veidoo.com,export@veidoo.com,+86 755-3290-9876,Est 2008. OEM/ODM + own brand. 42K tablets/month capacity.
PYC Technology,Shenzhen China,300-500,$40-50,www.laptopmanufacturer.com,sales@pyc-tech.com,+86 755-8456-7890,Tablet + laptop manufacturer. Intel/MTK CPUs.

SPECIFICATIONS TO REQUEST:
- OS: Android 15
- RAM: 8GB
- Storage: 512GB SSD/EMMC
- Screen: 1920x1200 (WUXGA)
- Battery: 6000-8000mAh
- Chip: Snapdragon or Helio G series
- Accessories: Pen + Keyboard + Stand
- Target Price: $50 with accessories (FOB Shenzhen)

QUESTIONS TO ASK MANUFACTURERS:
1. Can you meet $50 price point with all accessories at MOQ?
2. What is sample cost and lead time?
3. Do you have existing models meeting these specs?
4. What certifications do you have (CE FCC Rohs)?
5. Can we visit factory in person?
6. What is payment terms (T/T L/C)?
7. Do you offer ODM (our branding) or only OEM?

FACTORY VISIT TIPS:
- Bring power adapter samples from your market
- Test tablet responsiveness and build quality
- Check battery life claims in person
- Inspect packaging options
- Verify accessories quality (pen/keyboard/stand)
- Ask to see production line and QC process
